"ID","Bolum","Universite","Sehir","1999","2000","2001","2002","2003","2004","2005","2006","2007","2008","2009","2010"
"0","Bilgisayar Mühendisligi","ANADOLU ÜNİVERSİTESİ (ESKİŞEHİR)-İ","Eskişehir","0.000","0.000","0.000","0.000","350.781","349.184","351.886","331.568","346.516","338.689","452.000","476.512"
"1","Bilgisayar Mühendisligi","ANKARA ÜNİVERSİTESİ","Ankara","0.000","0.000","0.000","0.000","352.496","354.072","356.375","337.520","350.939","342.315","458.000","487.446"
"2","Bilgisayar Mühendisligi","ATILIM UNİVERSİTESİ (ANKARA)","Ankara","172.266","170.072","0.000","0.000","252.992","279.343","296.337","296.337","272.082","253.769","0.000","0.000"
"3","Bilgisayar Mühendisligi","ATILIM UNİVERSİTESİ (ANKARA)-B","Ankara","0.000","0.000","0.000","0.000","340.244","339.154","345.326","315.555","335.198","328.233","437.000","459.950"
"4","Bilgisayar Mühendisligi","ATILIM UNİVERSİTESİ (ANKARA)-B50","Ankara","0.000","0.000","0.000","0.000","0.000","0.000","334.631","295.837","316.256","308.373","334.000","382.086"
"5","Bilgisayar Mühendisligi","BAHÇEŞEHiR  ÜNİVERSİTESİ (İSTANBUL)","İstanbul","164.574","164.741","0.000","0.000","238.015","270.878","286.379","286.379","277.786","256.289","381.000","381.000"
"6","Bilgisayar Mühendisligi","BAHÇEŞEHiR  ÜNİVERSİTESİ (İSTANBUL)-B","İstanbul","213.344","0.000","0.000","211.202","353.920","352.664","353.301","333.825","347.154","339.144","455.000","486.000"
"7","Bilgisayar Mühendisligi","BAŞKENT  ÜNİVERSİTESİ (ANKARA)","Ankara","0.000","0.000","190.005","184.245","321.247","327.685","328.530","288.486","312.422","293.250","304.000","291.331"
"8","Bilgisayar Mühendisligi","BAŞKENT  ÜNİVERSİTESİ (ANKARA)-B","Ankara","0.000","0.000","0.000","0.000","357.706","357.227","358.152","343.443","331.665","329.989","410.000","470.176"
"9","Bilgisayar Mühendisligi","BEYKENT ÜNİVERSİTESİ (İSTANBUL)","İstanbul","0.000","0.000","0.000","0.000","263.927","297.311","291.191","291.191","273.542","248.377","357.000","357.000"
"10","Bilgisayar Mühendisligi","BEYKENT ÜNİVERSİTESİ (İSTANBUL)-B","İstanbul","0.000","0.000","0.000","0.000","347.103","347.258","349.200","321.323","340.302","332.775","436.000","452.120"
"11","Bilgisayar Mühendisligi","BİLKENT  ÜNİVERSİTESİ (ANKARA)","Ankara","207.962","0.000","0.000","193.651","335.785","337.751","338.685","311.405","328.267","319.017","406.000","415.268"
"12","Bilgisayar Mühendisligi","BİLKENT  ÜNİVERSİTESİ (ANKARA)-B","Ankara","0.000","0.000","0.000","0.000","371.407","373.249","372.679","360.545","366.785","361.335","516.000","536.104"
"13","Bilgisayar Mühendisligi","BOĞAZİÇİ  ÜNİVERSİTESİ (İSTANBUL)","İstanbul","0.000","0.000","0.000","0.000","371.116","371.116","374.290","363.100","368.903","366.290","521.000","542.565"
"14","Bilgisayar Mühendisligi","ÇANAKKALE ONSEKİZ MART ÜNİVERSİTESİ","Çanakkale","0.000","0.000","0.000","0.000","341.406","340.263","344.517","320.350","338.878","329.136","408.000","439.999"
"15","Bilgisayar Mühendisligi","ÇANKAYA  ÜNİVERSİTESİ (ANKARA)","Ankara","177.652","183.338","170.935","169.482","301.055","313.609","316.799","271.396","291.583","280.225","259.000","259.000"
"16","Bilgisayar Mühendisligi","ÇANKAYA  ÜNİVERSİTESİ (ANKARA)-B","Ankara","0.000","0.000","0.000","0.000","347.007","344.997","348.625","326.651","343.785","335.111","433.000","449.945"
"17","Bilgisayar Mühendisligi","ÇUKUROVA  ÜNİVERSİTESİ","Adana","0.000","0.000","0.000","0.000","0.000","0.000","348.662","328.777","344.766","336.613","431.000","459.212"
"18","Bilgisayar Mühendisligi","DOĞUŞ  ÜNİVERSİTESİ (İSTANBUL)","İstanbul","153.655","158.558","0.000","0.000","0.000","265.339","280.098","280.098","249.223","238.628","270.000","270.000"
"19","Bilgisayar Mühendisligi","DOĞUŞ  ÜNİVERSİTESİ (İSTANBUL)-B","İstanbul","0.000","0.000","205.436","0.000","343.775","343.123","346.555","316.643","335.826","326.559","424.000","450.985"
"20","Bilgisayar Mühendisligi","DOĞUŞ  ÜNİVERSİTESİ (İSTANBUL)-B50","İstanbul","0.000","0.000","0.000","0.000","0.000","0.000","331.434","300.538","315.682","293.481","338.000","317.206"
"21","Bilgisayar Mühendisligi","DOKUZ EYLÜL ÜNİVERSİTESİ (İZMİR)","İzmir","0.000","0.000","0.000","0.000","353.997","352.699","354.168","333.979","347.356","339.768","437.000","477.721"
"22","Bilgisayar Mühendisligi","DUMLUPINAR  ÜNİVERSİTESİ","Kütahya","0.000","0.000","0.000","0.000","0.000","0.000","341.219","0.000","329.761","323.387","398.000","423.888"
"23","Bilgisayar Mühendisligi","EGE ÜNİVERSİTESİ (İZMİR)","İzmir","0.000","0.000","0.000","0.000","355.556","354.101","355.671","334.850","348.159","341.032","455.000","484.950"
"24","Bilgisayar Mühendisligi","ERCİYES  ÜNİVERSİTESİ(KAYSERİ)","Kayseri","0.000","0.000","204.129","0.000","342.779","341.677","346.247","324.371","341.262","336.650","431.000","451.847"
"25","Bilgisayar Mühendisligi","FATİH  ÜNİVERSİTESİ(İSTANBUL)-İ","İstanbul","175.113","0.000","172.033","172.939","303.867","313.058","323.356","268.770","293.448","275.653","229.000","229.000"
"26","Bilgisayar Mühendisligi","FATİH  ÜNİVERSİTESİ(İSTANBUL)-B","İstanbul","0.000","0.000","0.000","0.000","370.691","370.626","374.043","356.647","363.047","330.496","473.000","505.574"
"27","Bilgisayar Mühendisligi","FATİH  ÜNİVERSİTESİ(İSTANBUL)-TR","İstanbul","0.000","0.000","0.000","0.000","0.000","0.000","309.670","261.619","290.875","267.544","220.000","220.000"
"28","Bilgisayar Mühendisligi","FIRAT  ÜNİVERSİTESİ (ELAZIĞ)","Elazığ","0.000","0.000","0.000","0.000","338.222","336.200","339.990","312.754","332.339","322.254","380.000","402.817"
"29","Bilgisayar Mühendisligi","GALATASARAY ÜNİVERSİTESİ (İSTANBUL)","İstanbul","0.000","0.000","0.000","0.000","359.450","359.613","360.368","345.762","355.867","350.125","486.000","510.978"
"30","Bilgisayar Mühendisligi","GAZİ  ÜNİVERSİTESİ (ANKARA)","Ankara","0.000","0.000","0.000","0.000","350.991","350.750","353.589","334.217","348.656","341.175","451.000","482.464"
"31","Bilgisayar Mühendisligi","GEBZE YÜKSEK TEKNOLOJİ ENSTİTÜSÜ","Kocaeli","0.000","0.000","0.000","0.000","347.321","344.623","349.376","327.501","344.314","336.634","439.000","462.693"
"32","Bilgisayar Mühendisligi","HACETTEPE ÜNİVERSİTESİ (ANKARA)","Ankara","0.000","0.000","0.000","0.000","360.640","360.926","361.746","346.962","354.973","346.492","469.000","500.856"
"33","Bilgisayar Mühendisligi","HALİÇ  ÜNİVERSİTESİ (İSTANBUL)","İstanbul","0.000","0.000","0.000","0.000","240.174","265.297","277.422","277.422","257.592","241.605","349.000","349.000"
"34","Bilgisayar Mühendisligi","HALİÇ  ÜNİVERSİTESİ (İSTANBUL)-İ","İstanbul","0.000","147.028","134.812","135.791","347.467","343.253","347.788","318.575","336.017","325.685","433.000","452.007"
"35","Bilgisayar Mühendisligi","HARRAN  ÜNİVERSİTESİ","Şanlıurfa","0.000","0.000","0.000","0.000","0.000","0.000","334.706","0.000","0.000","0.000","376.000","394.256"
"36","Bilgisayar Mühendisligi","IŞIK  ÜNİVERSİTESİ (İSTANBUL)","İstanbul","171.600","174.037","158.711","153.525","244.365","268.607","278.746","0.000","0.000","0.000","451.000","0.000"
"37","Bilgisayar Mühendisligi","IŞIK  ÜNİVERSİTESİ (İSTANBUL)-B","İstanbul","0.000","0.000","212.126","0.000","350.184","336.167","346.952","0.000","0.000","0.000","0.000","444.182"
"38","Bilgisayar Mühendisligi","İSTANBUL ÜNİVERSİTESİ","İstanbul","0.000","0.000","0.000","0.000","352.062","350.997","352.946","332.536","0.000","0.000","448.000","482.334"
"39","Bilgisayar Mühendisligi","İSTANBUL KÜLTÜR  ÜNİVERSİTESİ-İ","İstanbul","149.913","156.642","0.000","0.000","0.000","257.395","273.582","273.582","253.626","234.994","366.000","366.000"
"40","Bilgisayar Mühendisligi","İSTANBUL KÜLTÜR  ÜNİVERSİTESİ-İ-B","İstanbul","202.098","0.000","206.004","203.553","345.085","344.858","348.034","321.725","342.544","334.795","451.000","468.867"
"41","Bilgisayar Mühendisligi","İSTANBUL TEKNİK  ÜNİVERSİTESİ","İstanbul","0.000","0.000","0.000","0.000","365.621","367.137","368.686","355.792","362.249","355.510","492.000","517.602"
"42","Bilgisayar Mühendisligi","İSTANBUL TİCARET  ÜNİVERSİTESİ","İstanbul","0.000","0.000","0.000","0.000","268.786","297.656","308.479","268.045","291.639","271.742","235.000","254.589"
"43","Bilgisayar Mühendisligi","İSTANBUL TİCARET  ÜNİVERSİTESİ-B","İstanbul","0.000","0.000","0.000","0.000","345.849","347.699","350.664","312.253","335.433","324.965","417.000","436.466"
"44","Bilgisayar Mühendisligi","İZMİR EKONOMİ  ÜNİVERSİTESİ","İzmir","0.000","0.000","0.000","0.000","284.319","310.617","318.932","274.170","297.601","294.958","306.000","255.991"
"45","Bilgisayar Mühendisligi","İZMİR EKONOM› ÜNİVERSİTESİ-B","İzmir","0.000","0.000","0.000","0.000","359.620","361.199","360.733","344.379","347.206","347.941","471.000","487.111"
"46","Bilgisayar Mühendisligi","İZMİR YÜKSEK TEKNOLOJÝ ENSTÝTÜSÜ-İ","İzmir","0.000","0.000","213.567","0.000","351.070","348.760","351.341","330.445","346.127","338.120","445.000","473.181"
"47","Bilgisayar Mühendisligi","KADÝR HAS  ÜNİVERSİTESİ (İSTANBUL)","İstanbul","148.470","155.255","0.000","148.343","270.879","296.162","302.839","302.839","278.703","255.806","349.000","349.000"
"48","Bilgisayar Mühendisligi","KADÝR HAS  ÜNİVERSİTESİ (İSTANBUL)-B","İstanbul","0.000","0.000","0.000","0.000","350.321","350.475","352.480","325.734","343.608","334.126","456.000","476.889"
"49","Bilgisayar Mühendisligi","KARADEN›Z TEKN›K ÜNİVERSİTESİ (TRABZON)","Trabzon","0.000","0.000","0.000","0.000","344.119","343.369","347.012","324.969","341.075","332.513","428.000","456.682"
"50","Bilgisayar Mühendisligi","KOCAELİ  ÜNİVERSİTESİ","Kocaeli","0.000","205.967","0.000","0.000","346.177","344.504","348.361","326.597","343.498","335.323","426.000","462.321"
"51","Bilgisayar Mühendisligi","KOCAELİ  ÜNİVERSİTESİ-İO","Kocaeli","0.000","0.000","0.000","0.000","340.368","338.964","343.467","319.493","338.056","328.382","400.000","437.273"
"52","Bilgisayar Mühendisligi","KOÇ  ÜNİVERSİTESİ (İSTANBUL)-İ","İstanbul","0.000","0.000","201.829","186.818","314.644","324.213","327.030","288.183","311.017","289.406","320.000","376.815"
"53","Bilgisayar Mühendisligi","KOÇ  ÜNİVERSİTESİ (İSTANBUL)-İ-B","İstanbul","0.000","0.000","0.000","0.000","368.466","371.958","373.252","362.467","368.379","363.912","515.000","538.464"
"54","Bilgisayar Mühendisligi","MALTEPE  ÜNİVERSİTESİ (İSTANBUL)","İstanbul","154.740","161.302","0.000","143.194","243.257","279.500","284.933","294.933","257.912","238.974","0.000","0.000"
"55","Bilgisayar Mühendisligi","MALTEPE  ÜNİVERSİTESİ (İSTANBUL)-B","İstanbul","0.000","0.000","0.000","0.000","344.452","343.340","346.425","319.147","304.627","323.862","437.000","456.059"
"56","Bilgisayar Mühendisligi","MARMARA ÜNİVERSİTESİ (İSTANBUL)-İ","İstanbul","0.000","0.000","0.000","0.000","360.007","359.597","360.069","343.230","352.117","343.998","464.000","492.587"
"57","Bilgisayar Mühendisligi","MERS›N ÜNİVERSİTESİ","Mersin","0.000","0.000","0.000","0.000","341.935","340.679","345.111","0.000","0.000","0.000","0.000","0.000"
"58","Bilgisayar Mühendisligi","OKAN ÜNİVERSİTESİ","İstanbul","0.000","0.000","0.000","0.000","0.000","0.000","0.000","0.000","0.000","0.000","0.000","0.000"
"59","Bilgisayar Mühendisligi","OKAN ÜNİVERSİTESİ-B","İstanbul","0.000","0.000","0.000","0.000","0.000","0.000","0.000","311.429","0.000","0.000","0.000","445.980"
"60","Bilgisayar Mühendisligi","OKAN ÜNİVERSİTESİ-B50","İstanbul","0.000","0.000","0.000","0.000","0.000","0.000","0.000","281.520","0.000","0.000","0.000","313.301"
"61","Bilgisayar Mühendisligi","ORTA DOĞU TEKNİK ÜNİVERSİTESİ (ANKARA)","Ankara","0.000","0.000","0.000","0.000","368.227","369.692","370.648","359.295","365.892","359.519","506.000","528.867"
"62","Bilgisayar Mühendisligi","OSMANGAZİ  ÜNİVERSİTESİ (ESK›fiEH›R)","Eskişehir","0.000","0.000","0.000","0.000","347.535","345.948","349.723","329.748","344.844","336.642","440.000","468.220"
"63","Bilgisayar Mühendisligi","PAMUKKALE  ÜNİVERSİTESİ (DEN›ZL›)","Denizli","0.000","0.000","0.000","0.000","340.816","339.633","344.039","320.311","338.841","329.072","422.000","442.210"
"64","Bilgisayar Mühendisligi","SAKARYA  ÜNİVERSİTESİ","Sakarya","0.000","0.000","0.000","201.536","342.176","341.120","345.605","321.708","339.881","331.297","422.000","448.277"
"65","Bilgisayar Mühendisligi","SAKARYA  ÜNİVERSİTESİ-İO","Sakarya","0.000","0.000","0.000","0.000","0.000","0.000","0.000","314.907","334.280","322.632","379.000","414.736"
"66","Bilgisayar Mühendisligi","SELÇUK  ÜNİVERSİTESİ (KONYA)","Konya","0.000","0.000","0.000","0.000","343.235","342.083","346.726","346.726","339.370","331.137","421.000","448.311"
"67","Bilgisayar Mühendisligi","SÜLEYMAN DEMİREL ÜNİVERSİTESİ (ISPARTA)","Isparta","0.000","0.000","0.000","0.000","0.000","0.000","0.000","314.874","336.597","326.890","407.000","431.917"
"68","Bilgisayar Mühendisligi","TOBB  ÜNİVERSİTESİ","Ankara","0.000","0.000","0.000","0.000","0.000","0.000","334.730","303.215","323.825","302.778","345.000","375.673"
"69","Bilgisayar Mühendisligi","TOBB  ÜNİVERSİTESİ-B","Ankara","0.000","0.000","0.000","0.000","0.000","0.000","36.612","355.657","363.486","355.301","483.000","521.184"
"70","Bilgisayar Mühendisligi","TRAKYA  ÜNİVERSİTESİ (ED›RNE)","Edirne","0.000","0.000","0.000","0.000","340.026","338.717","342.296","314.891","334.474","323.560","400.000","423.784"
"71","Bilgisayar Mühendisligi","YAŞAR  ÜNİVERSİTESİ (İZMİR)","İzmir","0.000","0.000","0.000","0.000","268.722","292.024","0.000","0.000","272.479","265.363","229.000","229.000"
"72","Bilgisayar Mühendisligi","YAŞAR  ÜNİVERSİTESİ (İZMİR)-B50","İzmir","0.000","0.000","0.000","0.000","332.328","347.447","0.000","301.195","323.506","309.589","432.000","462.369"
"73","Bilgisayar Mühendisligi","YEDİTEPE  ÜNİVERSİTESİ (İSTANBUL)","İstanbul","172.317","0.000","183.218","0.000","309.045","310.068","317.063","257.466","282.991","270.016","239.000","239.000"
"74","Bilgisayar Mühendisligi","YEDİTEPE  ÜNİVERSİTESİ (İSTANBUL)-B","İstanbul","0.000","207.609","0.000","178.300","360.060","362.174","362.528","326.870","345.834","340.414","460.000","490.512"
"75","Bilgisayar Mühendisligi","YILDIZ TEKN›K ÜNİVERSİTESİ (İSTANBUL)","İstanbul","0.000","0.000","0.000","0.000","358.986","358.454","359.512","342.072","351.625","343.988","464.000","500.228"
"76","Bilgisayar Mühendisligi","DOÐU AKDENİZ  ÜNİVERSİTESİ (KKTC-GAZİMAGUSA)","Kktc","0.000","0.000","0.000","0.000","0.000","257.126","270.834","270.834","278.834","264.548","220.000","220.000"
"77","Bilgisayar Mühendisligi","DOÐU AKDENİZ  ÜNİVERSİTESİ (KKTC-GAZİMAGUSA)-B","Kktc","0.000","0.000","0.000","0.000","336.181","332.280","323.806","299.489","322.745","307.971","409.000","457.219"
"78","Bilgisayar Mühendisligi","GÝRNE AMERİKAN  ÜNİVERSİTESİ (KKTC-GİRNE)","Kktc","0.000","0.000","0.000","0.000","0.000","0.000","263.379","263.379","297.907","284.588","0.000","0.000"
"79","Bilgisayar Mühendisligi","GİRNE AMERİKAN  ÜNİVERSİTESİ (KKTC-GİRNE)-B50","Kktc","0.000","0.000","0.000","125.627","256.783","280.611","309.167","279.393","285.548","258.441","0.000","262.195"
"80","Bilgisayar Mühendisligi","LEFKE AVRUPA  ÜNİVERSİTESİ (KKTC-LEFKE)","Kktc","0.000","0.000","0.000","0.000","0.000","259.937","287.035","287.035","316.166","302.774","353.000","352.000"
"81","Bilgisayar Mühendisligi","ULUSLARARASI KIBRIS  ÜNİVERSİTESİ (KKTC-LEFKOŞA)","Kktc","0.000","0.000","0.000","0.000","0.000","0.000","270.798","270.798","270.798","270.798","0.000","0.000"
"82","Bilgisayar Mühendisligi","ULUSLARARASI KIBRIS  ÜNİVERSİTESİ (KKTC-LEFKOŞA)-B","Kktc","190.525","193.419","193.160","0.000","220.620","276.593","309.457","273.666","296.657","282.588","247.000","0.000"
"83","Bilgisayar Mühendisligi","YAKIN DOĞU  ÜNİVERSİTESİ (KKTC-LEFKOŞA)","Kktc","0.000","0.000","0.000","0.000","0.000","254.318","265.649","265.649","280.477","260.478","0.000","0.000"
"84","Bilgisayar Mühendisligi","YAKIN DOĞU  ÜNİVERSİTESİ (KKTC-LEFKOŞA)-B","Kktc","0.000","0.000","156.702","0.000","324.402","325.495","328.776","294.465","321.778","304.911","0.000","0.000"
"85","Tıp Fakültesi","ABANT İZZET BAYSAL ÜNİVERSİTESİ (BOLU)","Bolu","0.000","0.000","0.000","0.000","348.718","350.851","356.232","341.681","355.225","351.435","473.000","521.900"
"86","Tıp Fakültesi","ADNAN MENDERES ÜNİVERSİTESİ (AYDIN)","Aydın","0.000","0.000","0.000","0.000","349.817","351.657","356.416","341.779","355.160","350.776","476.000","520.614"
"87","Tıp Fakültesi","AFYON KOCATEPE ÜNİVERSİTESİ","Afyon","0.000","0.000","0.000","0.000","348.357","350.037","355.392","269.698","354.190","349.679","474.000","517.151"
"88","Tıp Fakültesi","AKDEN›Z ÜNİVERSİTESİ (ANTALYA)","Antalya","0.000","0.000","0.000","0.000","354.126","355.760","360.489","347.563","358.422","355.551","487.000","528.771"
"89","Tıp Fakültesi","ANKARA ÜNİVERSİTESİ","Ankara","0.000","0.000","0.000","0.000","361.123","363.344","367.346","356.823","365.600","362.737","510.000","541.595"
"90","Tıp Fakültesi","ATAT‹RK ÜNİVERSİTESİ (ERZURUM)","Erzurum","0.000","0.000","0.000","0.000","348.078","349.714","354.610","339.431","353.517","348.682","474.000","515.775"
"91","Tıp Fakültesi","BAŞKENT  ÜNİVERSİTESİ (ANKARA)","Ankara","198.516","199.305","197.522","200.424","345.185","348.040","353.372","336.283","351.236","342.913","473.000","507.693"
"92","Tıp Fakültesi","BAŞKENT  ÜNİVERSİTESİ (ANKARA)-B","Ankara","0.000","0.000","0.000","0.000","358.815","361.003","364.805","352.937","356.282","354.788","0.000","533.060"
"93","Tıp Fakültesi","CELAL BAYAR ÜNİVERSİTESİ (MANİSA)","Manisa","0.000","0.000","0.000","0.000","351.403","352.651","357.401","343.301","356.008","352.133","482.000","523.470"
"94","Tıp Fakültesi","CUMHURİYET ÜNİVERSİTESİ (S›VAS)","Sivas","0.000","0.000","0.000","0.000","347.212","348.682","353.856","338.007","352.949","347.934","467.000","514.466"
"95","Tıp Fakültesi","ÇANAKKALE ONSEKİZ MART ÜNİVERSİTESİ","Çanakkale","0.000","0.000","0.000","0.000","353.867","356.677","362.076","349.832","358.302","353.838","487.000","524.388"
"96","Tıp Fakültesi","ÇUKUROVA ÜNİVERSİTESİ (ADANA)","Adana","0.000","0.000","0.000","0.000","355.449","357.325","361.267","348.756","359.607","356.488","484.000","529.931"
"97","Tıp Fakültesi","DİCLE ÜNİVERSİTESİ (D›YARBAKIR)","Diyarbakır","0.000","0.000","0.000","0.000","349.000","350.909","355.541","339.896","354.110","350.531","482.000","520.443"
"98","Tıp Fakültesi","DOKUZ EYLÜL ÜNİVERSİTESİ (İZMİR)","İzmir","0.000","208.820","0.000","0.000","356.006","357.913","362.353","350.377","360.521","357.734","498.000","534.758"
"99","Tıp Fakültesi","DÜZCE ÜNİVERSİTESİ","Düzce","0.000","0.000","0.000","0.000","347.962","349.557","354.683","339.292","353.625","349.384","474.000","516.701"
"100","Tıp Fakültesi","EGE ÜNİVERSİTESİ (İZMİR)","İzmir","0.000","0.000","0.000","0.000","356.857","358.574","363.144","351.654","361.520","359.961","503.000","537.639"
"101","Tıp Fakültesi","ERCİYES ÜNİVERSİTESİ (KAYSERİ)","Kayseri","0.000","0.000","0.000","0.000","350.378","352.445","357.657","344.512","356.983","352.874","469.000","523.880"
"102","Tıp Fakültesi","FIRAT ÜNİVERSİTESİ (ELAZIĞ)","Elazığ","0.000","0.000","0.000","0.000","347.637","349.169","354.241","338.639","353.223","348.690","460.000","515.091"
"103","Tıp Fakültesi","GAZİ  ÜNİVERSİTESİ (ANKARA","Ankara","0.000","0.000","0.000","212.406","358.825","361.558","365.231","354.033","363.299","359.835","513.000","537.028"
"104","Tıp Fakültesi","GAZİANTEP ÜNİVERSİTESİ","Gaziantep","0.000","0.000","0.000","0.000","350.753","352.385","363.361","342.558","355.344","350.586","470.000","519.316"
"105","Tıp Fakültesi","GAZİOSMANPAfiA ÜNİVERSİTESİ (TOKAT)","Tokat","0.000","0.000","0.000","0.000","350.012","352.909","359.081","346.101","357.911","349.170","475.000","514.818"
"106","Tıp Fakültesi","HACETTEPE ÜNİVERSİTESİ (ANKARA)","Ankara","0.000","0.000","0.000","0.000","365.876","368.135","370.795","363.396","370.210","368.032","525.000","552.960"
"107","Tıp Fakültesi","HACETTEPE ÜNİVERSİTESİ (ANKARA)-İ","Ankara","0.000","0.000","0.000","0.000","366.651","370.275","373.070","365.822","371.574","370.286","540.000","556.723"
"108","Tıp Fakültesi","HARRAN ÜNİVERSİTESİ (fiANLIURFA)","Şanlıurfa","0.000","0.000","0.000","0.000","347.724","348.997","353.648","337.718","352.602","348.125","474.000","513.910"
"109","Tıp Fakültesi","İNÖNÜ ÜNİVERSİTESİ (MALATYA)","Malatya","0.000","0.000","0.000","0.000","349.877","351.261","355.775","339.717","353.728","348.840","470.000","517.256"
"110","Tıp Fakültesi","İSTANBUL BİLİM ÜNİVERSİTESİ","İstanbul","0.000","0.000","0.000","0.000","0.000","0.000","0.000","307.706","332.585","330.345","427.000","493.506"
"111","Tıp Fakültesi","İSTANBUL BİLİM ÜNİVERSİTESİ-B","İstanbul","0.000","0.000","0.000","0.000","0.000","0.000","0.000","346.063","358.344","357.033","492.000","534.548"
"112","Tıp Fakültesi","İSTANBUL  ÜNİVERSİTESİ  CERRAHPAŞA","İstanbul","0.000","209.187","211.741","0.000","357.635","359.836","364.242","353.436","362.902","360.686","507.000","541.674"
"113","Tıp Fakültesi","İSTANBUL  ÜNİVERSİTESİ CERRAHPAŞA-İ","İstanbul","0.000","0.000","0.000","0.000","364.702","367.601","369.973","361.615","369.076","367.765","539.000","554.877"
"114","Tıp Fakültesi","İSTANBUL  ÜNİVERSİTESİ","İstanbul","0.000","0.000","0.000","0.000","359.149","361.938","366.023","355.998","364.622","363.004","511.000","544.830"
"115","Tıp Fakültesi","KADİR HAS  ÜNİVERSİTESİ (İSTANBUL)","İstanbul","169.787","170.777","157.718","174.923","0.000","0.000","0.000","0.000","0.000","0.000","0.000","0.000"
"116","Tıp Fakültesi","KAFKAS ÜNİVERSİTESİ (KARS)","KARS","0.000","0.000","0.000","0.000","0.000","347.960","353.224","337.208","352.502","267.501","471.000","513.073"
"117","Tıp Fakültesi","KAHRAMANMARAŞ SÜTÇÜ İMAM ÜNİVERSİTESİ","Kahramanmaraş","0.000","0.000","0.000","0.000","350.294","351.392","356.354","341.109","354.719","350.335","480.000","517.831"
"118","Tıp Fakültesi","KARADENİZ TEKNİK ÜNİVERSİTESİ (TRABZON)","Trabzon","0.000","0.000","0.000","0.000","348.760","350.404","355.599","340.536","354.878","350.199","473.000","518.107"
"119","Tıp Fakültesi","KIRIKKALE ÜNİVERSİTESİ","Kırıkkale","0.000","0.000","0.000","0.000","349.293","351.177","356.195","340.603","354.656","349.991","474.000","517.416"
"120","Tıp Fakültesi","KOCAELİ ÜNİVERSİTESİ","Kocaeli","0.000","0.000","0.000","0.000","351.029","353.110","358.435","345.589","357.430","354.379","492.000","528.343"
"121","Tıp Fakültesi","MALTEPE ÜNİVERSİTESİ (İSTANBUL)","İstanbul","163.427","167.340","157.864","164.171","311.374","324.638","335.510","311.814","336.379","331.164","0.000","0.000"
"122","Tıp Fakültesi","MALTEPE ÜNİVERSİTESİ (İSTANBUL)-B","İstanbul","0.000","0.000","0.000","0.000","347.738","330.809","0.000","345.155","345.155","355.570","0.000","552.371"
"123","Tıp Fakültesi","MARMARA  ÜNİVERSİTESİ (İSTANBUL)-İ","İstanbul","0.000","0.000","0.000","213.320","358.250","359.327","363.403","351.495","361.477","359.151","508.000","538.665"
"124","Tıp Fakültesi","MERSİN ÜNİVERSİTESİ","Mersin","0.000","0.000","0.000","0.000","352.961","353.746","358.303","344.742","356.706","352.568","475.000","523.270"
"125","Tıp Fakültesi","ONDOKUZ MAYIS ÜNİVERSİTESİ (SAMSUN)","Samsun","0.000","0.000","0.000","0.000","349.743","351.383","357.015","343.198","356.306","352.577","481.000","523.791"
"126","Tıp Fakültesi","OSMANGAZ› ÜNİVERSİTESİ (ESK›fiEH›R)","Eskişehir","0.000","0.000","0.000","0.000","352.486","354.210","359.592","346.719","358.319","355.521","494.000","530.914"
"127","Tıp Fakültesi","PAMUKKALE ÜNİVERSİTESİ (DENİZLİ)","Denizli","0.000","0.000","0.000","0.000","352.617","353.504","358.142","344.288","356.491","352.515","483.000","522.394"
"128","Tıp Fakültesi","SELÇUK ÜNİVERSİTESİ (KONYA) MERAM","Konya","0.000","0.000","0.000","0.000","353.005","355.047","359.965","346.376","357.923","354.119","486.000","526.980"
"129","Tıp Fakültesi","SELÇUK ÜNİVERSİTESİ (KONYA) SELÇUKLU","Konya","0.000","0.000","0.000","0.000","351.453","353.690","358.563","345.716","357.239","353.119","478.000","525.487"
"130","Tıp Fakültesi","SÜLEYMAN DEMİREL ÜNİVERSİTESİ (ISPARTA)","Isparta","0.000","0.000","0.000","0.000","350.941","351.935","356.419","341.532","354.772","350.118","476.000","518.822"
"131","Tıp Fakültesi","TRAKYA  ÜNİVERSİTESİ (EDİRNE)","Edirne","202.734","201.956","0.000","204.689","348.387","350.048","355.456","340.711","355.063","350.813","466.000","520.423"
"132","Tıp Fakültesi","UFUK ÜNİVERSİTESİ (ANKARA)","Ankara","0.000","0.000","0.000","0.000","335.273","342.215","348.778","330.819","348.586","339.677","456.000","499.600"
"133","Tıp Fakültesi","UFUK ÜNİVERSİTESİ (ANKARA)-B","Ankara","0.000","0.000","0.000","0.000","349.111","352.395","361.533","352.430","360.412","353.509","496.000","528.267"
"134","Tıp Fakültesi","ULUDAÐ  ÜNİVERSİTESİ (BURSA)","Bursa","209.074","207.433","0.000","0.000","354.786","356.428","361.172","348.560","359.308","356.712","485.000","532.776"
"135","Tıp Fakültesi","YEDİTEPE  ÜNİVERSİTESİ (İSTANBUL)","İstanbul","170.884","178.028","176.121","183.678","321.951","330.231","339.503","316.304","341.904","337.960","437.000","495.710"
"136","Tıp Fakültesi","YEDİTEPE  ÜNİVERSİTESİ (İSTANBUL)-B","İstanbul","0.000","206.386","0.000","0.000","357.180","365.053","366.612","355.736","364.727","360.126","515.000","543.870"
"137","Tıp Fakültesi","YÜZÜNCÜ YIL ÜNİVERSİTESİ (VAN)","Van","0.000","0.000","0.000","0.000","346.893","348.136","353.269","337.300","352.336","347.319","462.000","512.829"
"138","Tıp Fakültesi","ZONGULDAK KARAELMAS ÜNİVERSİTESİ","Zonguldak","0.000","0.000","0.000","0.000","347.640","349.069","354.135","338.418","353.487","348.490","471.000","515.112"
"139","Tıp Fakültesi","GÜLHANE ASKERİ TIP AKADEMİSİ (ANKARA)-Erkek","Ankara","0.000","0.000","0.000","207.312","351.857","352.648","356.320","339.476","350.537","341.493","458.000","496.154"
"140","Tıp Fakültesi","GÜLHANE ASKERİ TIP AKADEMİSİ (ANKARA)-Kız","Ankara","0.000","0.000","0.000","215.990","362.521","364.421","367.524","350.242","359.688","354.700","499.000","517.542"
